{"cameraMode":{"drawMode":0,"name":"Shaded","section":"Shading Mode"},"sceneLighting":true,"audioPlay":false,"sceneViewState":{"showFog":true,"showMaterialUpdate":false,"showSkybox":true,"showFlares":true,"showImageEffects":true,"showParticleSystems":true,"showVisualEffectGraphs":true,"m_FxEnabled":true},"in2DMode":false,"pivot":{"x":-2.291033983230591,"y":-2.0325775146484377,"z":0.5049425363540649},"rotation":{"x":0.007236052770167589,"y":-0.8925925493240356,"z":-0.015153433196246624,"w":-0.45080140233039858},"size":0.014800786972045899,"orthographic":false}